{
	"format_version": "1.12.0",
	"animations": {
		"kimetsunoyaibamultiplayer.biped.shoot": {
			"loop": true
		},
		"kimetsunoyaibamultiplayer:shoot_rifle": {
			"animation_length": 0.3333,
			"bones": {
				"head": {
					"rotation": {
						"0.0": [0, 0, -7.5],
						"0.3333": [0, 0, -7.5]
					},
					"position": {
						"0.0": [0, 0, 0],
						"0.125": [0, 0, 1.5],
						"0.3333": [0, 0, 0]
					}
				},
				"torso": {
					"rotation": {
						"0.0": [0, 50, 0],
						"0.125": [-11.57495, 49.41933, -8.84179],
						"0.3333": [0, 50, 0]
					},
					"position": {
						"0.0": [0, 0, 0],
						"0.125": [0, 0, 2],
						"0.3333": [0, 0, 0]
					}
				},
				"right_arm": {
					"rotation": {
						"0.0": [-91.2155, 17.20438, -12.06775],
						"0.125": [-100.05557, 20.95352, -13.92469],
						"0.3333": [-91.2155, 17.20438, -12.06775]
					},
					"position": {
						"0.0": [1, 0, 4],
						"0.125": [1, 0, 6],
						"0.3333": [1, 0, 4]
					}
				},
				"itemMainHand": {
					"rotation": {
						"0.0": [3.25599, -16.73646, -18.62718],
						"0.3333": [3.25599, -16.73646, -18.62718]
					},
					"position": {
						"0.0": [9.01298, 2.18197, 2.63446],
						"0.3333": [9.01298, 2.18197, 2.63446]
					}
				},
				"left_arm": {
					"rotation": {
						"0.0": [-77.2623, 55.1486, 13.08864],
						"0.125": [-105.42143, 60.63757, -10.26722],
						"0.3333": [-77.2623, 55.1486, 13.08864]
					},
					"position": {
						"0.0": [-3, 0, -6],
						"0.125": [-3, 0, -4],
						"0.3333": [-3, 0, -6]
					}
				},
				"right_leg": {
					"rotation": {
						"0.0": [9.65389, 51.86576, 12.20302],
						"0.125": [5.65373, 52.32694, 9.0462],
						"0.3333": [9.65389, 51.86576, 12.20302]
					},
					"position": {
						"0.0": [0.75, 0, 1.75],
						"0.3333": [0.75, 0, 1.75]
					}
				},
				"left_leg": {
					"rotation": {
						"0.0": [-10.99576, 24.55773, -5.05754],
						"0.125": [-16.44975, 24.01903, -7.30236],
						"0.3333": [-10.99576, 24.55773, -5.05754]
					},
					"position": {
						"0.0": [0, 0, -1],
						"0.3333": [0, 0, -1]
					}
				}
			}
		},
		"kimetsunoyaibamultiplayer:shoot_pistol": {
			"animation_length": 0.375,
			"bones": {
				"head": {
					"rotation": {
						"0.0": [0, 0, -7.5],
						"0.375": [0, 0, -7.5]
					},
					"position": {
						"0.0": [0, 0, 0],
						"0.0833": [0, 0, 2],
						"0.375": [0, 0, 0]
					}
				},
				"torso": {
					"rotation": {
						"0.0": [0, -27.5, 0],
						"0.0833": [-14.03271, -26.79524, 6.42848],
						"0.375": [0, -27.5, 0]
					},
					"position": {
						"0.0": [0, 0, 0],
						"0.0833": [0, 0, 2],
						"0.375": [0, 0, 0]
					}
				},
				"right_arm": {
					"rotation": {
						"0.0": [-80, 0, 0],
						"0.0833": [-110.14168, 7.15102, -2.26708],
						"0.375": [-80, 0, 0]
					},
					"position": {
						"0.0": [0, 0, -2],
						"0.0833": [0, 0, 0],
						"0.375": [0, 0, -2]
					}
				},
				"itemMainHand": {
					"rotation": {
						"0.0": [-10, 0, 0],
						"0.0833": [-29.73549, 2.89145, 7.16212],
						"0.375": [-10, 0, 0]
					},
					"position": {
						"0.0": [0, 1.3321, -1.79597],
						"0.0833": [-1.36358, 5.80622, -4.99829],
						"0.375": [0, 1.3321, -1.79597]
					}
				},
				"left_arm": {
					"rotation": {
						"0.0": [14.35885, -29.21893, -14.62284],
						"0.0833": [-2.79924, -31.90694, -5.84721],
						"0.375": [14.35885, -29.21893, -14.62284]
					},
					"position": {
						"0.0": [0, 0, 2],
						"0.0833": [0, 0, 4.5],
						"0.375": [0, 0, 2]
					}
				},
				"right_leg": {
					"rotation": {
						"0.0": [-15, 0, 0],
						"0.0833": [-27.5, 0, 0],
						"0.375": [-15, 0, 0]
					},
					"position": {
						"0.0": [0, 0, -1.75],
						"0.375": [0, 0, -1.75]
					}
				},
				"left_leg": {
					"rotation": {
						"0.0": [16.17354, -21.69365, -6.1191],
						"0.0833": [8.11003, -22.29711, -3.09472],
						"0.375": [16.17354, -21.69365, -6.1191]
					},
					"position": {
						"0.0": [-0.5, 0, 0.75],
						"0.375": [-0.5, 0, 0.75]
					}
				}
			}
		},
		"kimetsunoyaibamultiplayer:idle_rifle": {
			"loop": true,
			"animation_length": 1,
			"bones": {
				"head": {
					"rotation": {
						"0.0": [0, 0, -7.5],
						"0.5": [0, 0, -5],
						"1.0": [0, 0, -7.5]
					},
					"position": {
						"0.0": [0, 0, 0],
						"0.5": [0, 0.5, 1],
						"1.0": [0, 0, 0]
					}
				},
				"torso": {
					"rotation": {
						"0.0": [0, 50, 0],
						"0.5": [-7.7508, 49.74086, -5.92994],
						"1.0": [0, 50, 0]
					},
					"position": {
						"0.0": [0, 0, 0],
						"0.5": [0, 0, 1],
						"1.0": [0, 0, 0]
					}
				},
				"right_arm": {
					"rotation": {
						"0.0": [-91.2155, 17.20438, -12.06775],
						"1.0": [-91.2155, 17.20438, -12.06775]
					},
					"position": {
						"0.0": [1, 0, 4],
						"0.5": [1, 0, 5],
						"1.0": [1, 0, 4]
					}
				},
				"itemMainHand": {
					"rotation": {
						"0.0": [3.25599, -16.73646, -18.62718],
						"1.0": [3.25599, -16.73646, -18.62718]
					},
					"position": {
						"0.0": [9.01298, 2.18197, 2.63446],
						"1.0": [9.01298, 2.18197, 2.63446]
					}
				},
				"left_arm": {
					"rotation": {
						"0.0": [-77.2623, 55.1486, 13.08864],
						"1.0": [-77.2623, 55.1486, 13.08864]
					},
					"position": {
						"0.0": [-3, 0, -5],
						"0.5": [-3, 0, -4.25],
						"1.0": [-3, 0, -5]
					}
				},
				"right_leg": {
					"rotation": {
						"0.0": [9.65389, 51.86576, 12.20302],
						"1.0": [9.65389, 51.86576, 12.20302]
					},
					"position": {
						"0.0": [0.75, 0, 1.75],
						"1.0": [0.75, 0, 1.75]
					}
				},
				"left_leg": {
					"rotation": {
						"0.0": [-10.99576, 24.55773, -5.05754],
						"1.0": [-10.99576, 24.55773, -5.05754]
					},
					"position": {
						"0.0": [0, 0, -1],
						"1.0": [0, 0, -1]
					}
				}
			}
		},
		"kimetsunoyaibamultiplayer:idle_pistol": {
			"loop": true,
			"animation_length": 1,
			"bones": {
				"head": {
					"rotation": {
						"0.0": [0, 0, -7.5],
						"0.5": [4.95744, 0.65182, -2.47178],
						"1.0": [0, 0, -7.5]
					},
					"position": {
						"0.0": [0, 0, 0],
						"0.5": [0, 0, -2],
						"1.0": [0, 0, 0]
					}
				},
				"torso": {
					"rotation": {
						"0.0": [0, -27.5, 0],
						"0.5": [8.44236, -27.24513, -3.88714],
						"1.0": [0, -27.5, 0]
					},
					"position": {
						"0.0": [0, 0, 0],
						"0.5": [0, 0, -2],
						"1.0": [0, 0, 0]
					}
				},
				"right_arm": {
					"rotation": {
						"0.0": [-80, 0, 0],
						"0.5": [-77.5, -2.5, 0],
						"1.0": [-80, 0, 0]
					},
					"position": {
						"0.0": [0, 0, -2],
						"0.5": [0, 0, -4],
						"1.0": [0, 0, -2]
					}
				},
				"itemMainHand": {
					"rotation": {
						"0.0": [-10, 0, 0],
						"1.0": [-10, 0, 0]
					},
					"position": {
						"0.0": [0, 1.3321, -1.79597],
						"1.0": [0, 1.3321, -1.79597]
					}
				},
				"left_arm": {
					"rotation": {
						"0.0": [14.35885, -29.21893, -14.62284],
						"1.0": [14.35885, -29.21893, -14.62284]
					},
					"position": {
						"0.0": [0, 0, 2],
						"0.5": [0, 0, 1],
						"1.0": [0, 0, 2]
					}
				},
				"right_leg": {
					"rotation": {
						"0.0": [-15, 0, 0],
						"1.0": [-15, 0, 0]
					},
					"position": {
						"0.0": [0, 0, -1.75],
						"1.0": [0, 0, -1.75]
					}
				},
				"left_leg": {
					"rotation": {
						"0.0": [16.17354, -21.69365, -6.1191],
						"1.0": [16.17354, -21.69365, -6.1191]
					},
					"position": {
						"0.0": [-0.5, 0, 0.75],
						"1.0": [-0.5, 0, 0.75]
					}
				}
			}
		},
		"kimetsunoyaibamultiplayer:walk_rifle": {
			"loop": true,
			"animation_length": 1,
			"bones": {
				"head": {
					"rotation": {
						"0.0": [0, 0, -7.5],
						"0.5": [0, 0, -5],
						"1.0": [0, 0, -7.5]
					},
					"position": {
						"0.0": [0, 0, 0],
						"0.5": [0, 0.5, 1],
						"1.0": [0, 0, 0]
					}
				},
				"torso": {
					"rotation": {
						"0.0": [0, 50, 0],
						"0.5": [-7.7508, 49.74086, -5.92994],
						"1.0": [0, 50, 0]
					},
					"position": {
						"0.0": [0, 0, 0],
						"0.5": [0, 0, 1],